model,loss,accuracy,f1,precision,recall
coordinates100,0.6373885869979858,0.6600000262260437,0.5149508328316276,0.46453829056375034,0.62
