model,loss,accuracy,f1,precision,recall
coordinates25,0.714342474937439,0.5733333230018616,0.5451916651479254,0.6556489262371616,0.5866666666666667
coordinates50,0.7022331357002258,0.6466666460037231,0.6610566610566612,0.6697820871651339,0.66
coordinates100,0.6534897089004517,0.6700000166893005,0.6578645089639854,0.6543294014853648,0.6633333333333333
coordinates25,nan,0.3243243098258972,0.1588527302813017,0.10518626734842952,0.32432432432432434
coordinates50,nan,0.3243243098258972,0.1588527302813017,0.10518626734842952,0.32432432432432434
coordinates100,nan,0.3288590610027313,0.16276862585587418,0.10814828160893654,0.3288590604026846
coordinates25,nan,0.3333333432674408,0.16666666666666666,0.11111111111111109,0.3333333333333333
coordinates50,nan,0.3333333432674408,0.16666666666666666,0.11111111111111109,0.3333333333333333
coordinates100,nan,0.3333333432674408,0.16666666666666666,0.11111111111111109,0.3333333333333333
